﻿[
  {
    "Type": "Plugin",
    "SupportedVersion": "4.40",
    "DirectoryPath": "FraudLabsPro/nopCommerce 4.40/Misc.FraudLabsPro/",
    "SystemName": "Misc.FraudLabsPro",
    "SourceDirectoryPath": "FraudLabsPro/nopCommerce 4.40/Nop.Plugin.Misc.FraudLabsPro/"
  },
  {
    "Type": "Plugin",
    "SupportedVersion": "4.50",
    "DirectoryPath": "FraudLabsPro/nopCommerce 4.50/Misc.FraudLabsPro/",
    "SystemName": "Misc.FraudLabsPro",
    "SourceDirectoryPath": "FraudLabsPro/nopCommerce 4.50/Nop.Plugin.Misc.FraudLabsPro/"
  }
]