﻿[
  {
    "Type": "Plugin",
    "SupportedVersion": "4.60",
    "DirectoryPath": "FraudLabsPro/nopCommerce 4.60/Misc.FraudLabsPro/",
    "SystemName": "Misc.FraudLabsPro",
    "SourceDirectoryPath": "FraudLabsPro/nopCommerce 4.60/Nop.Plugin.Misc.FraudLabsPro/"
  },
  {
    "Type": "Plugin",
    "SupportedVersion": "4.70",
    "DirectoryPath": "FraudLabsPro/nopCommerce 4.70/Misc.FraudLabsPro/",
    "SystemName": "Misc.FraudLabsPro",
    "SourceDirectoryPath": "FraudLabsPro/nopCommerce 4.70/Nop.Plugin.Misc.FraudLabsPro/"
  }
]